,-------------------------------------------
【rank】1
【itemName】★限定特価（製造日新しいです） 久保田 萬寿 純米大吟醸 1800 ml （日本酒人気商品） 久保田 朝日酒造 日本酒 純米大吟醸 日本酒 お歳暮 日本酒 辛口 日本酒 ギフト お酒 日本酒 辛口 日本酒 純米大吟醸 お酒 ギフト お歳暮 ギフト お歳暮 久保田萬寿 久保田 万寿
【itemCode】yokogoshi:10000022
-------------------------------------------
【rank】2
【itemName】★限定特価（製造日新しいです） 久保田 萬寿 純米大吟醸 720 ml【日本酒人気商品）日本酒 ギフト 久保田 万寿 久保田 朝日酒造 日本酒 お歳暮 お歳暮 ギフト お酒 お歳暮 プレゼント 日本酒 純米大吟醸 お誕生日 お酒 ギフト 日本酒 辛口 お歳暮
【itemCode】yokogoshi:10000021
-------------------------------------------
【rank】3
【itemName】日本酒 お歳暮 ギフト お酒 飲み比べ 御歳暮 ギフト に 朝日酒造 久保田 萬寿 1.8L 純米大吟醸 万寿 あす楽 贈り物 人気 お中元 父の日プレゼント 早割 ありがとう 新潟 辛口 御祝 内祝い 誕生日 お礼 早割
【itemCode】sake-kadoya:10001072
-------------------------------------------
【rank】4
【itemName】日本酒獺祭（だっさい）純米大吟醸磨き二割三分 1.8L専用　感謝木箱入り【日本酒】【山口／旭酒造】お一人様6本まで　【常温便送料無料】
【itemCode】toranomonnmasumoto:10000287
-------------------------------------------
【rank】5
【itemName】【正規販売店】獺祭（だっさい）純米大吟醸磨き二割三分 720mlデラックス箱入り【山口／旭酒造】お一人様12本まで日本酒
【itemCode】toranomonnmasumoto:10000324
-------------------------------------------
【rank】6
【itemName】御歳暮 ギフト [お一人様1本限り]山口県 旭酒造 獺祭【だっさい】純米大吟醸 磨き二割三分 1800ml【日本酒】【獺祭】【獺祭・正規】 お酒
【itemCode】ono-sake:10000055
-------------------------------------------
【rank】7
【itemName】久保田 萬寿 純米大吟醸 1800ml（12月26日発送分）
【itemCode】kanazawa-saketen:10001365
-------------------------------------------
【rank】8
【itemName】お歳暮 お年賀 日本酒 純米大吟醸 大地悠々 1800ml 化粧箱入 限定品 送料無料 御歳暮 御年賀 ギフト 酒 お酒 日本酒 甘口 純米大吟醸 一升瓶 1.8l 贈答 贈り物 お礼 お祝い 内祝い お返し 還暦祝い 退職祝い お父さん 誕生日 プレゼント 蔵元直送 新潟 高野酒造
【itemCode】takano-shuzo:10000452
-------------------------------------------
【rank】9
【itemName】【正規販売店】お酒 お歳暮 ギフト プレゼント 獺祭 だっさい 純米大吟醸 磨き二割三分 「感謝」木箱入り1800ml 山口県 旭酒造 日本酒 23 コンビニ受取対応商品 はこぽす対応商品 送料無料 あす楽
【itemCode】syuraku-shop:10002866
-------------------------------------------
【rank】11
【itemName】（送料無料） 人気 久保田 飲み比べセット 720 ml×3本 久保 百寿 久保田 萬寿 久保田 千寿 日本酒 飲み比べセット 久保田 朝日酒造 日本酒 セット お酒 ギフト 日本酒 純米大吟醸 日本酒 ギフト お歳暮 ギフト お酒 飲み比べセット お酒 父の日 日本酒 お歳暮
【itemCode】yokogoshi:10000224
-------------------------------------------
【rank】12
【itemName】獺祭〔だっさい〕 磨き二割三分 純米大吟醸 1800ml 専用木箱入り 【日本酒/山口県/旭酒造】
【itemCode】b-miyoshi:10000123
-------------------------------------------
【rank】13
【itemName】御歳暮 ギフト 獺祭 だっさい純米大吟醸 磨き 二割三分 720ml 獺祭23【日本酒】 グルメ 誕生日 プレゼント プチ 内祝い 定年退職 記念品 獺 祭 23 dassai お酒
【itemCode】ono-sake:10000056
-------------------------------------------
【rank】14
【itemName】ポイント5倍! 純米大吟醸 金賞 日本酒 木村式奇跡のお酒 雄町 720ml ギフト 贈り物 プレゼント 倉敷 岡山 地酒 肥料・農薬を使用し無い自然栽培米 歳暮 送料無料
【itemCode】kikuchishuzo:10000006
-------------------------------------------
【rank】15
【itemName】【正規販売店】お酒 お歳暮 ギフト プレゼント 獺祭 だっさい 純米大吟醸 磨き二割三分 「感謝」木箱入り 720ml 山口県 旭酒造 日本酒 23 コンビニ受取対応商品 はこぽす対応商品 あす楽
【itemCode】syuraku-shop:10002867
-------------------------------------------
【rank】16
【itemName】御歳暮 ギフト 獺祭 だっさい純米大吟醸 磨き三割九分 720ml【日本酒】3割9分獺祭39 グルメ 誕生日 プレゼント プチ 内祝い 定年退職 記念品 お酒
【itemCode】ono-sake:10000058
-------------------------------------------
【rank】17
【itemName】獺祭〔だっさい〕 磨き二割三分 純米大吟醸 720ml 専用木箱入り 【日本酒/山口県/旭酒造】
【itemCode】b-miyoshi:10000124
-------------------------------------------
【rank】18
【itemName】八海山 純米大吟醸 1800ml 【八海醸造】新潟 南魚沼 日本酒 清酒 純米大吟醸
【itemCode】koshino-sakekura:10000015
-------------------------------------------
【rank】19
【itemName】日本酒 純米大吟醸酒 特割 5酒蔵 純米大吟醸 飲み比べセット 一升瓶 5本 1800ml 第2弾 53% オフ お酒 酒 誕生日 プレゼント 父親 お父さん お祝い 内祝い 祝事 男性 人気 ギフト お歳暮 家飲み 宅飲み 飲みくらべ プチギフト 送料無料【7560円(税込)以上で送料無料】
【itemCode】belluna-gourmet:10019169
-------------------------------------------
【rank】20
【itemName】日本酒 純米大吟醸酒 飲み比べセット 2021 2022 1800ml 5本 52%OFF 越乃五蔵純米大吟醸一升瓶5本組 お酒 酒 誕生日 プレゼント 父親 お父さん お祝い 内祝い お見舞い 御見舞 男性 人気 ギフト お歳暮 家飲み 宅飲み 飲みくらべ 送料無料【7560円(税込)以上で送料無料】
【itemCode】belluna-gourmet:10021347
-------------------------------------------
【rank】21
【itemName】お歳暮 冬ギフト ギフトBOX付き プレゼント あす楽 送料無料 プレミアム 日本酒 金賞 純米大吟醸 飲み比べセット 【極み】 辛口 300ml 5本 加賀鳶 幻の瀧 加賀ノ月 上善水如 越前岬 [ 福光屋 皇国晴酒造 白瀧酒造 加越酒造 田邊酒造 高級ギフト 誕生日 内祝い 記念品 ]
【itemCode】hakobune:10002694
-------------------------------------------
【rank】22
【itemName】（送料無料）人気 久保田 飲み比べセット 720ml×3本 久保田 紅寿 (純米吟醸） 久保田 萬寿 (純米大吟醸） 久保田 碧寿 (山廃純米大吟醸） 日本酒 セット 日本酒 飲み比べセット お酒 ギフト 日本酒 純米大吟醸 日本酒 ギフト 日本酒 お歳暮
【itemCode】yokogoshi:10000223
-------------------------------------------
【rank】23
【itemName】還暦祝いに贈る60年前の新聞付き名入れ酒！純米大吟醸酒【華一輪】720ml【 名入れ ギフト プレゼント 日本酒 内祝い お返し 退職祝い 結婚祝い 風呂敷包装 父 母 紅綬褒章 】［桐箱入り］
【itemCode】niigata:10000323
-------------------------------------------
【rank】24
【itemName】日本酒 ギフト お歳暮 プレゼント 男性 女性 純米大吟醸【あまみずamamizu】720ml【新潟地酒 内祝い お返し 退職祝い 結婚祝い 出産祝い 贈り物 お酒 送料無料 】【あす楽】
【itemCode】niigata:10001487
-------------------------------------------
【rank】25
【itemName】御歳暮 ギフト 【お一人様1点限り】獺祭 だっさい純米大吟醸 磨き三割九分 1800ml 【日本酒】 グルメ 誕生日 プレゼント プチ 内祝い 定年退職 記念品 獺祭39 お酒
【itemCode】ono-sake:10000057
-------------------------------------------
【rank】26
【itemName】お歳暮 獺祭 だっさい 純米大吟醸 磨き 二割三分 720ml 旭酒造 山口県 日本酒 地酒 ギフト 宅飲み 家飲み 御歳暮
【itemCode】craftbeer:10000421
-------------------------------------------
【rank】27
【itemName】【正規販売店】お酒 お歳暮 ギフト プレゼント 獺祭 純米大吟醸 スパークリング45 360ml ＆ 純米大吟醸39 ギフトボックス入り 山口県 旭酒造 日本酒 送料無料 クール便 発泡にごり酒 シャンパン瓶
【itemCode】syuraku-shop:10007093
-------------------------------------------
【rank】28
【itemName】鳳凰美田 White Phoenix純米大吟醸 無濾過本生1500ml【化粧箱付】
【itemCode】mashidayahonten:10004344
-------------------------------------------
【rank】29
【itemName】【 お歳暮 日本酒 ギフト 送料無料 】菊水 蔵光 純米大吟醸 750ml ☆ロンドン酒チャレンジ2020プラチナ賞受賞☆
【itemCode】kikusui:10000351
-------------------------------------------
【rank】30
【itemName】日本酒 特割 地酒蔵の 5種 飲み比べセット 一升瓶 5本組 京姫酒造 56%OFF 1800ml お酒 酒 誕生日 プレゼント 父親 お父さん お祝い 内祝い 祝事 お見舞い 御見舞 退職祝い 男性 人気 ギフト お歳暮 家飲み 宅飲み 飲みくらべ プチギフト 送料無料【ギフト対象商品】
【itemCode】belluna-gourmet:10020955
,-------------------------------------------
【rank】1
【itemName】【ポイント3倍】冷凍庫 小型 家庭用 前開き 85L 引き出し アイリスオーヤマ IUSD-9B-W IUSD-9B-B フリーザー ノンフロン冷凍庫 ホワイト 冷凍ストッカー 冷凍 キッチン キッチン家電 冷凍食品 作り置き ストック スリム
【itemCode】u-denki:10030324
-------------------------------------------
【rank】2
【itemName】ハイアール　Haier 前開き式冷凍庫 ホワイト JF-NU102C-W [右開きタイプ /102L]
【itemCode】biccamera:13456409
-------------------------------------------
【rank】3
【itemName】【500円OFFクーポン有】冷凍庫 小型 家庭用 上開き PF-B100TD-W アイリス フリーザー ストッカー 冷凍保存 冷凍 コンパクト 静音設計 上開き式 上開き 温度調節 庫内灯 省エネ 節電 エコ キッチン家電 アイリスオーヤマ《レビュー書いてフードチョッパープレゼント★》
【itemCode】enetroom:10151065
-------------------------------------------
【rank】4
【itemName】冷蔵庫 小型 2ドア 新生活 ひとり暮らし 一人暮らし 118L コンパクト 右開き オフィス 単身 おしゃれ 白 ホワイト 1年保証 MAXZEN JR118ML01WH レビューCP500m V7d5p
【itemCode】a-price:10726043
-------------------------------------------
【rank】5
【itemName】【商品入荷について：約1か月後の入荷予定となります】AQUA 102L 前開きタイプフリーザー ホワイト AQF-SF10K(W) [AQFSF10KW]【RNH】【KNSP】
【itemCode】edion:10733115
-------------------------------------------
【rank】6
【itemName】冷蔵庫 2ドア 冷凍冷蔵庫 175L (冷蔵室122L/冷凍室53L) HR-D1701W/B 冷凍庫 冷蔵庫 パーソナル 一人暮らし 二人暮らし 新生活 右開き スリム 大容量 直冷式 170Lクラス ハイセンスジャパン Hisense 【送料無料】
【itemCode】e-kurashi:10040536
-------------------------------------------
【rank】7
【itemName】ポイント5倍♪冷凍庫 小型 60L ガラス扉 1ドア アイリスオーヤマ 家庭用 前開き 引き出し 3段 ミニ冷凍庫 スリム コンパクト 一人暮らし おしゃれ 静音 耐熱天板 直冷式 省エネ 冷凍ストッカー サブ冷凍庫 小型冷凍庫 ホワイト ブラック KUGD-6B-W KUGD-6B-B【D】
【itemCode】kadenrand:10152778
-------------------------------------------
【rank】8
【itemName】冷凍庫 家庭用 小型 32L コンパクト ノンフロン チェストフリーザー 右開き フリーザー ストッカー 冷凍 氷 食材 食品 食糧 冷凍食品 保存 ストック キッチン家電 ホワイト MAXZEN JF032ML01WH
【itemCode】a-price:10813964
-------------------------------------------
【rank】9
【itemName】冷凍庫 家庭用 業務用 199L ノンフロン チェストフリーザー 上開き フリーザー ストッカー 冷凍 スリム 氷 食材 食品 食糧 冷凍食品 保存 ストック キッチン家電 ホワイト MAXZEN JF200ML01WH【代引き不可】 V7d5p
【itemCode】a-price:10832551
-------------------------------------------
【rank】10
【itemName】【クーポン利用で23731.95円】冷凍庫 小型 家庭用 上開き 142L ノンフロン上開き式冷凍庫 ホワイト ICSD-14A-W チェストフリーザー 冷凍庫 フリーザー 冷蔵庫フリーザー ストッカー 氷 食材 食品 食糧 冷凍 冷凍食品 保存 ストック キッチン家電 上開き アイリスオーヤマ
【itemCode】u-denki:10030690
-------------------------------------------
【rank】11
【itemName】【500円OFFクーポン有】冷凍庫 家庭用 小型 85L IUSD-9B前開き 右開き ノンフロン前開き冷凍庫 前開き式冷凍庫 省エネ スリム コンパクト フリーザー 冷凍ストッカー 冷凍 キッチン 冷凍 アイリスオーヤマ《レビュー書いておまけプレゼント★》[CPX]
【itemCode】enetroom:10180662
-------------------------------------------
【rank】12
【itemName】冷凍庫 1ドア冷凍庫 32L 1ドア 直冷式 小型 コンパクト スリム 右開き 左開き 冷凍 耐熱 一人暮らし 新生活 ミニ冷凍庫 小型冷凍庫 フリーザー 冷凍ストッカー simplus シンプラス SP-32LF1 (代引不可)【送料無料】
【itemCode】rcmdin:11160400
-------------------------------------------
【rank】13
【itemName】AQUA　アクア スリムタイプ冷凍庫 ホワイト AQF-SF10K-W [1ドア /右開きタイプ /102L]《基本設置料金セット》
【itemCode】biccamera:13582718
-------------------------------------------
【rank】14
【itemName】ハイアール　ハイアール前開き式冷凍庫102L　Haier　ホワイト　JF-NU102C-W（標準設置無料）
【itemCode】r-kojima:11060935
-------------------------------------------
【rank】15
【itemName】送料無料 あす楽 上開き 冷凍庫 小型 100L 省エネ 節電 ストッカー 大容量 静音 冷凍ストッカー コンパクト フリーザー おしゃれ COMFEE' 上開き冷凍庫 家庭用 ホワイト おすすめ 白 二人暮らし 冷凍保存 スリム キッチン家電 RCC100WH/E
【itemCode】comfee-kitchen:10000052
-------------------------------------------
【rank】16
【itemName】【無料長期保証】AQUA AQR-V43KL(S) 4ドア冷蔵庫(430L・左開き) チタニウムシルバー
【itemCode】yamada-denki:10493312
-------------------------------------------
【rank】17
【itemName】EENOUR 4L ミニ冷蔵庫 保温庫 ペットボトル 冷温庫 温蔵庫 冷蔵庫 ペットボトル 保温機 保温器 タオルウォーマー 小型 卓上 ホット 保温庫 一人暮らし ミニ 保冷 保温 ドリンク 車載 寝室用 音 静か おしゃれ AC/DC プレゼント
【itemCode】mkshop0:10000090
-------------------------------------------
【rank】18
【itemName】【200円OFFクーポン有】冷蔵庫 小型 2ドア 87L 家庭用 冷凍庫 PRC-B092D 2ドア 冷凍冷蔵庫 小型 コンパクト 一人暮らし 直冷式 冷凍 ミニ冷蔵庫 新生活 食糧保存 おしゃれ 電子レンジ設置OK シンプル ホワイト 白 ひとり暮らし 右開き 左開き[CPX]
【itemCode】enetroom:10153507
-------------------------------------------
【rank】19
【itemName】冷蔵庫 小型 2ドア 新生活 ひとり暮らし 一人暮らし 87L コンパクト 右開き オフィス 単身 おしゃれ 黒 ガンメタリック 1年保証 MAXZEN JR087ML01GM V7d5p
【itemCode】a-price:10831634
-------------------------------------------
【rank】20
【itemName】★クーポン利用で17,200円購入★冷蔵庫 小型 90L COMFEE' 省エネ 右開き 節電 ひとり暮らし 冷凍冷蔵庫 静音 スリム コンパクト 一人暮らし おしゃれ 2ドア 直冷式 新生活 冷凍庫 家庭用 ミニ冷蔵庫 おすすめ 白 ホワイト 二人暮らし 独身 単身 事務所 休憩室 RCT90WH/E
【itemCode】comfee-kitchen:10000051
-------------------------------------------
【rank】21
【itemName】AQUA　アクア 冷蔵庫 ウォームホワイト AQR-27K-W [3ドア /右開きタイプ /272L]《基本設置料金セット》【2111_rs】
【itemCode】biccamera:13451686
-------------------------------------------
【rank】22
【itemName】＼ポイント10倍／冷凍庫 小型 家庭用 霜取り不要 前開き 142L 自動霜取り アイリスオーヤマ 冷凍庫 家庭用 業務用 前開き 冷凍庫 フリーザー 冷凍ストッカー 急冷 ファン式 省エネ 静音 カニ おせち まとめ買い 設置対応可能 IUSN-14A-W ホワイト[irispoint]
【itemCode】kadenrand:10152798
-------------------------------------------
【rank】23
【itemName】アクア　AQUA　スリムタイプ冷凍庫 [1ドア /右開きタイプ /102L]　AQF-SF10K-W（標準設置無料）
【itemCode】r-kojima:11193798
-------------------------------------------
【rank】24
【itemName】冷凍庫 小型 家庭用 107L ファン式 前開き スリム 霜取り不要 ミニ冷凍庫 自動霜取り 4段引き出し 冷凍ストッカー 業務用 大容量 大型 節電 ホワイト おしゃれ AR-BD120-NW 備蓄 まとめ買い 冷凍食品 アレジア ALLEGiA
【itemCode】a-and-r-shop:10000010
-------------------------------------------
【rank】25
【itemName】≪200円OFFクーポン≫冷凍庫 小型 おしゃれ 32L 家庭用送料無料 小型 スリム 右開き コンパクト 32L おしゃれ 1ドア冷凍庫 1ドア ミニ ミニ冷凍庫 シンプル 一人暮らし 1人暮らし リビング 寝室 静音 ホワイト ブラック シルバー ダークウッド PF-A32FD【D】 ●28s
【itemCode】e-akari:10087040
-------------------------------------------
【rank】26
【itemName】冷蔵庫 2ドア 冷凍冷蔵庫 154L (冷蔵室108L/冷凍室46L) HR-D15E/HR-D15EB 冷凍庫 冷蔵庫 パーソナル 一人暮らし 二人暮らし 新生活 右開き 小型 コンパクト 自動霜取り ファン式 150Lクラス ハイセンスジャパン Hisense 【送料無料】
【itemCode】e-kurashi:10032134
-------------------------------------------
【rank】27
【itemName】【エントリーで全品P5倍！】冷蔵庫 一人暮らし アイリスオーヤマ 小型 2ドア冷蔵庫 ひとり暮らし スリム 大容量 162L 右開き 省エネ 節電 二人暮らし ノンフロン冷蔵庫 冷凍冷蔵庫 新生活 単身 おしゃれ 一人暮らし 設置対応 ホワイト ブラック IRSE-16A-B/AF162L-W[●]
【itemCode】eleking:10039290
-------------------------------------------
【rank】28
【itemName】【ポイント5倍】冷蔵庫 小型 162L ホワイト ブラック AF162-W IRSE-16A-B ノンフロン冷凍冷蔵庫 2ドア 162リットル 冷蔵庫 れいぞうこ 冷凍庫 れいとうこ 料理 調理 家電 食糧 冷蔵 保存 食糧 白物 右開き みぎびらき アイリスオーヤマ [rt]
【itemCode】u-denki:10029635
-------------------------------------------
【rank】29
【itemName】【エントリーで全品P5倍！】冷蔵庫 小型 ひとり暮らし 2ドア 右開き アイリスオーヤマ冷蔵庫 一人暮らし 静音 製氷 冷凍庫 142L 省エネ 家庭用 引き出し シンプル スリム 大容量 単身 ノンフロン 冷凍冷蔵庫 サブ冷蔵庫 LED庫内灯 おしゃれ IRSD-14A-W/B/S[●]
【itemCode】eleking:10041343
-------------------------------------------
【rank】30
【itemName】★クーポン利用で10,200円購入可！2倍P★冷蔵庫 1ドア ミニ 45L 右開き エコ 小型 静音 寝室 省エネ 節電 冷蔵 ミニ おしゃれ ひとり暮らし 一人暮らし おしゃれ ミニ冷蔵庫 ホワイト 白 シンプル スリム コンパクト 新品 ホテル ベッドルーム 台所45リットル RCD45WH/E
【itemCode】comfee-kitchen:10000050
,-------------------------------------------
【rank】1
【itemName】【ポイント3倍】冷凍庫 小型 家庭用 前開き 85L 引き出し アイリスオーヤマ IUSD-9B-W IUSD-9B-B フリーザー ノンフロン冷凍庫 ホワイト 冷凍ストッカー 冷凍 キッチン キッチン家電 冷凍食品 作り置き ストック スリム
【itemCode】u-denki:10030324
-------------------------------------------
【rank】2
【itemName】ハイアール　Haier 前開き式冷凍庫 ホワイト JF-NU102C-W [右開きタイプ /102L]
【itemCode】biccamera:13456409
-------------------------------------------
【rank】3
【itemName】【500円OFFクーポン有】冷凍庫 小型 家庭用 上開き PF-B100TD-W アイリス フリーザー ストッカー 冷凍保存 冷凍 コンパクト 静音設計 上開き式 上開き 温度調節 庫内灯 省エネ 節電 エコ キッチン家電 アイリスオーヤマ《レビュー書いてフードチョッパープレゼント★》
【itemCode】enetroom:10151065
-------------------------------------------
【rank】4
【itemName】冷蔵庫 小型 2ドア 新生活 ひとり暮らし 一人暮らし 118L コンパクト 右開き オフィス 単身 おしゃれ 白 ホワイト 1年保証 MAXZEN JR118ML01WH レビューCP500m V7d5p
【itemCode】a-price:10726043
-------------------------------------------
【rank】5
【itemName】【商品入荷について：約1か月後の入荷予定となります】AQUA 102L 前開きタイプフリーザー ホワイト AQF-SF10K(W) [AQFSF10KW]【RNH】【KNSP】
【itemCode】edion:10733115
-------------------------------------------
【rank】6
【itemName】冷蔵庫 2ドア 冷凍冷蔵庫 175L (冷蔵室122L/冷凍室53L) HR-D1701W/B 冷凍庫 冷蔵庫 パーソナル 一人暮らし 二人暮らし 新生活 右開き スリム 大容量 直冷式 170Lクラス ハイセンスジャパン Hisense 【送料無料】
【itemCode】e-kurashi:10040536
-------------------------------------------
【rank】7
【itemName】ポイント5倍♪冷凍庫 小型 60L ガラス扉 1ドア アイリスオーヤマ 家庭用 前開き 引き出し 3段 ミニ冷凍庫 スリム コンパクト 一人暮らし おしゃれ 静音 耐熱天板 直冷式 省エネ 冷凍ストッカー サブ冷凍庫 小型冷凍庫 ホワイト ブラック KUGD-6B-W KUGD-6B-B【D】
【itemCode】kadenrand:10152778
-------------------------------------------
【rank】8
【itemName】冷凍庫 家庭用 小型 32L コンパクト ノンフロン チェストフリーザー 右開き フリーザー ストッカー 冷凍 氷 食材 食品 食糧 冷凍食品 保存 ストック キッチン家電 ホワイト MAXZEN JF032ML01WH
【itemCode】a-price:10813964
-------------------------------------------
【rank】9
【itemName】冷凍庫 家庭用 業務用 199L ノンフロン チェストフリーザー 上開き フリーザー ストッカー 冷凍 スリム 氷 食材 食品 食糧 冷凍食品 保存 ストック キッチン家電 ホワイト MAXZEN JF200ML01WH【代引き不可】 V7d5p
【itemCode】a-price:10832551
-------------------------------------------
【rank】10
【itemName】【クーポン利用で23731.95円】冷凍庫 小型 家庭用 上開き 142L ノンフロン上開き式冷凍庫 ホワイト ICSD-14A-W チェストフリーザー 冷凍庫 フリーザー 冷蔵庫フリーザー ストッカー 氷 食材 食品 食糧 冷凍 冷凍食品 保存 ストック キッチン家電 上開き アイリスオーヤマ
【itemCode】u-denki:10030690
-------------------------------------------
【rank】11
【itemName】【500円OFFクーポン有】冷凍庫 家庭用 小型 85L IUSD-9B前開き 右開き ノンフロン前開き冷凍庫 前開き式冷凍庫 省エネ スリム コンパクト フリーザー 冷凍ストッカー 冷凍 キッチン 冷凍 アイリスオーヤマ《レビュー書いておまけプレゼント★》[CPX]
【itemCode】enetroom:10180662
-------------------------------------------
【rank】12
【itemName】冷凍庫 1ドア冷凍庫 32L 1ドア 直冷式 小型 コンパクト スリム 右開き 左開き 冷凍 耐熱 一人暮らし 新生活 ミニ冷凍庫 小型冷凍庫 フリーザー 冷凍ストッカー simplus シンプラス SP-32LF1 (代引不可)【送料無料】
【itemCode】rcmdin:11160400
-------------------------------------------
【rank】13
【itemName】AQUA　アクア スリムタイプ冷凍庫 ホワイト AQF-SF10K-W [1ドア /右開きタイプ /102L]《基本設置料金セット》
【itemCode】biccamera:13582718
-------------------------------------------
【rank】14
【itemName】ハイアール　ハイアール前開き式冷凍庫102L　Haier　ホワイト　JF-NU102C-W（標準設置無料）
【itemCode】r-kojima:11060935
-------------------------------------------
【rank】15
【itemName】送料無料 あす楽 上開き 冷凍庫 小型 100L 省エネ 節電 ストッカー 大容量 静音 冷凍ストッカー コンパクト フリーザー おしゃれ COMFEE' 上開き冷凍庫 家庭用 ホワイト おすすめ 白 二人暮らし 冷凍保存 スリム キッチン家電 RCC100WH/E
【itemCode】comfee-kitchen:10000052
-------------------------------------------
【rank】16
【itemName】【無料長期保証】AQUA AQR-V43KL(S) 4ドア冷蔵庫(430L・左開き) チタニウムシルバー
【itemCode】yamada-denki:10493312
-------------------------------------------
【rank】17
【itemName】EENOUR 4L ミニ冷蔵庫 保温庫 ペットボトル 冷温庫 温蔵庫 冷蔵庫 ペットボトル 保温機 保温器 タオルウォーマー 小型 卓上 ホット 保温庫 一人暮らし ミニ 保冷 保温 ドリンク 車載 寝室用 音 静か おしゃれ AC/DC プレゼント
【itemCode】mkshop0:10000090
-------------------------------------------
【rank】18
【itemName】【200円OFFクーポン有】冷蔵庫 小型 2ドア 87L 家庭用 冷凍庫 PRC-B092D 2ドア 冷凍冷蔵庫 小型 コンパクト 一人暮らし 直冷式 冷凍 ミニ冷蔵庫 新生活 食糧保存 おしゃれ 電子レンジ設置OK シンプル ホワイト 白 ひとり暮らし 右開き 左開き[CPX]
【itemCode】enetroom:10153507
-------------------------------------------
【rank】19
【itemName】冷蔵庫 小型 2ドア 新生活 ひとり暮らし 一人暮らし 87L コンパクト 右開き オフィス 単身 おしゃれ 黒 ガンメタリック 1年保証 MAXZEN JR087ML01GM V7d5p
【itemCode】a-price:10831634
-------------------------------------------
【rank】20
【itemName】★クーポン利用で17,200円購入★冷蔵庫 小型 90L COMFEE' 省エネ 右開き 節電 ひとり暮らし 冷凍冷蔵庫 静音 スリム コンパクト 一人暮らし おしゃれ 2ドア 直冷式 新生活 冷凍庫 家庭用 ミニ冷蔵庫 おすすめ 白 ホワイト 二人暮らし 独身 単身 事務所 休憩室 RCT90WH/E
【itemCode】comfee-kitchen:10000051
-------------------------------------------
【rank】21
【itemName】AQUA　アクア 冷蔵庫 ウォームホワイト AQR-27K-W [3ドア /右開きタイプ /272L]《基本設置料金セット》【2111_rs】
【itemCode】biccamera:13451686
-------------------------------------------
【rank】22
【itemName】＼ポイント10倍／冷凍庫 小型 家庭用 霜取り不要 前開き 142L 自動霜取り アイリスオーヤマ 冷凍庫 家庭用 業務用 前開き 冷凍庫 フリーザー 冷凍ストッカー 急冷 ファン式 省エネ 静音 カニ おせち まとめ買い 設置対応可能 IUSN-14A-W ホワイト[irispoint]
【itemCode】kadenrand:10152798
-------------------------------------------
【rank】23
【itemName】アクア　AQUA　スリムタイプ冷凍庫 [1ドア /右開きタイプ /102L]　AQF-SF10K-W（標準設置無料）
【itemCode】r-kojima:11193798
-------------------------------------------
【rank】24
【itemName】冷凍庫 小型 家庭用 107L ファン式 前開き スリム 霜取り不要 ミニ冷凍庫 自動霜取り 4段引き出し 冷凍ストッカー 業務用 大容量 大型 節電 ホワイト おしゃれ AR-BD120-NW 備蓄 まとめ買い 冷凍食品 アレジア ALLEGiA
【itemCode】a-and-r-shop:10000010
-------------------------------------------
【rank】25
【itemName】≪200円OFFクーポン≫冷凍庫 小型 おしゃれ 32L 家庭用送料無料 小型 スリム 右開き コンパクト 32L おしゃれ 1ドア冷凍庫 1ドア ミニ ミニ冷凍庫 シンプル 一人暮らし 1人暮らし リビング 寝室 静音 ホワイト ブラック シルバー ダークウッド PF-A32FD【D】 ●28s
【itemCode】e-akari:10087040
-------------------------------------------
【rank】26
【itemName】冷蔵庫 2ドア 冷凍冷蔵庫 154L (冷蔵室108L/冷凍室46L) HR-D15E/HR-D15EB 冷凍庫 冷蔵庫 パーソナル 一人暮らし 二人暮らし 新生活 右開き 小型 コンパクト 自動霜取り ファン式 150Lクラス ハイセンスジャパン Hisense 【送料無料】
【itemCode】e-kurashi:10032134
-------------------------------------------
【rank】27
【itemName】【エントリーで全品P5倍！】冷蔵庫 一人暮らし アイリスオーヤマ 小型 2ドア冷蔵庫 ひとり暮らし スリム 大容量 162L 右開き 省エネ 節電 二人暮らし ノンフロン冷蔵庫 冷凍冷蔵庫 新生活 単身 おしゃれ 一人暮らし 設置対応 ホワイト ブラック IRSE-16A-B/AF162L-W[●]
【itemCode】eleking:10039290
-------------------------------------------
【rank】28
【itemName】【ポイント5倍】冷蔵庫 小型 162L ホワイト ブラック AF162-W IRSE-16A-B ノンフロン冷凍冷蔵庫 2ドア 162リットル 冷蔵庫 れいぞうこ 冷凍庫 れいとうこ 料理 調理 家電 食糧 冷蔵 保存 食糧 白物 右開き みぎびらき アイリスオーヤマ [rt]
【itemCode】u-denki:10029635
-------------------------------------------
【rank】29
【itemName】【エントリーで全品P5倍！】冷蔵庫 小型 ひとり暮らし 2ドア 右開き アイリスオーヤマ冷蔵庫 一人暮らし 静音 製氷 冷凍庫 142L 省エネ 家庭用 引き出し シンプル スリム 大容量 単身 ノンフロン 冷凍冷蔵庫 サブ冷蔵庫 LED庫内灯 おしゃれ IRSD-14A-W/B/S[●]
【itemCode】eleking:10041343
-------------------------------------------
【rank】30
【itemName】★クーポン利用で10,200円購入可！2倍P★冷蔵庫 1ドア ミニ 45L 右開き エコ 小型 静音 寝室 省エネ 節電 冷蔵 ミニ おしゃれ ひとり暮らし 一人暮らし おしゃれ ミニ冷蔵庫 ホワイト 白 シンプル スリム コンパクト 新品 ホテル ベッドルーム 台所45リットル RCD45WH/E
【itemCode】comfee-kitchen:10000050
